,start_freq,end_freq,Confidence
0,1024.9114036560059,1024.9121189117432,0.9398548007011414
1,1030.3194522857666,1030.320167541504,0.9525368809700012
