,start_freq,end_freq,fit,SNR
0,1051.1856079101562,1051.1863231658936,0.8110402226448059,2.132417678833008
1,1308.3386421203613,1308.3393573760986,0.754765510559082,2.424974203109741
2,1308.2928657531738,1308.2935810089111,0.7250455021858215,1.894810438156128
3,1308.2499504089355,1308.2506656646729,0.7334272861480713,2.5417325496673584
