,start_freq,end_freq,fit,SNR
0,1922.1476554870605,1922.1483707427979,0.8003953099250793,1.8195220232009888
1,2348.0109214782715,2348.011636734009,0.9548837542533875,1.7166672945022583
