,start_freq,end_freq,fit,SNR
0,2197.5876331329346,2197.588348388672,0.7825719714164734,1.7032604217529297
1,2197.1742153167725,2197.1749305725098,0.8446291089057922,210.8473358154297
2,2196.910285949707,2196.9110012054443,0.7073356509208679,1.7909514904022217
3,2190.6296253204346,2190.630340576172,0.7636416554450989,65.03247833251953
4,2190.614604949951,2190.6153202056885,0.8830674290657043,58.1781120300293
