,start_freq,end_freq,fit,SNR
0,1052.9966354370117,1052.997350692749,0.7071433663368225,1.7652976512908936
1,1301.8341064453125,1301.8348217010498,0.7109696865081787,1.9422926902770996
2,1301.5623092651367,1301.563024520874,0.7866284251213074,2.314661741256714
