,start_freq,end_freq,fit,SNR
0,1921.8801498413086,1921.880865097046,0.8435083031654358,2.3265457153320312
1,2213.4305477142334,2213.4312629699707,0.7600982785224915,2.0003442764282227
2,2188.426637649536,2188.4273529052734,0.7304630279541016,356.5675048828125
