,start_freq,end_freq,fit,SNR
0,1203.8183212280273,1203.8190364837646,0.8016760349273682,3.1560044288635254
1,1302.1903038024902,1302.1910190582275,0.7026112675666809,2.046178102493286
2,1311.0315799713135,1311.0322952270508,0.7154224514961243,1.894683837890625
