,start_freq,end_freq,fit,SNR
0,2105.610752105713,2105.61146736145,0.7326228022575378,1.8593602180480957
1,2125.139379501343,2125.14009475708,0.7443816065788269,31.269712448120117
