,start_freq,end_freq,fit
0,1829.99267578125,1829.9983978271484,0.9598724842071533
1,1946.6136932373047,1946.6194152832031,0.9976381659507751
2,2107.134246826172,2107.1399688720703,0.9988283514976501
3,2098.2078552246094,2098.213577270508,0.7091665863990784
4,2223.1201171875,2223.1258392333984,0.7141945958137512
5,2189.714813232422,2189.7205352783203,0.7609968781471252
6,2306.187057495117,2306.1927795410156,0.9596878886222839
7,2660.3588104248047,2660.364532470703,0.9340651631355286
8,2640.6177520751953,2640.6234741210938,0.7193129658699036
