,start_freq,end_freq,fit,SNR
0,1954.2998313903809,1954.3005466461182,0.9544851183891296,1.9382826089859009
1,1946.2760925292969,1946.2768077850342,0.9035015106201172,1.8288720846176147
2,2107.2958946228027,2107.29660987854,0.7913095951080322,1.8722524642944336
3,2105.878257751465,2105.878973007202,0.727254331111908,1.8777910470962524
4,2149.999523162842,2150.000238418579,0.7632198929786682,1.8553824424743652
