,start_freq,end_freq,fit,SNR
0,2243.0421352386475,2243.0428504943848,0.9611504077911377,1.9873292446136475
1,2242.8096771240234,2242.8103923797607,0.8606216311454773,1.807748556137085
2,2242.4599170684814,2242.4606323242188,0.8724868297576904,1.8186120986938477
3,2241.747522354126,2241.7482376098633,0.9003377556800842,1.8740835189819336
4,2240.061664581299,2240.062379837036,0.8592565655708313,1.7841027975082397
