,start_freq,end_freq,fit,SNR
0,1373.6946098395688,1373.695335728444,0.9260631203651428,1.8929694890975952
1,1442.7034134198464,1442.7041393087216,0.7314598560333252,1.8395026922225952
2,1694.4032032024281,1694.4039290913033,0.7548399567604065,12.545858383178711
