,start_freq,end_freq,fit,SNR
0,2197.4424362182617,2197.443151473999,0.9091253280639648,22.418752670288086
1,2190.618896484375,2190.6196117401123,0.8685868382453918,67.07774353027344
