,start_freq,end_freq,fit,SNR
0,1054.0058612823486,1054.006576538086,0.8121459484100342,2.5706048011779785
1,1310.9421730041504,1310.9428882598877,0.7223844528198242,2.3900327682495117
2,1310.908555984497,1310.9092712402344,0.7634761929512024,2.426816463470459
3,1310.884952545166,1310.8856678009033,0.7535313963890076,2.974698781967163
4,1310.8835220336914,1310.8842372894287,0.7729713916778564,1.8579638004302979
5,1310.8434677124023,1310.8441829681396,0.7951294779777527,1.7940720319747925
6,1308.4180355072021,1308.4187507629395,0.7456852793693542,2.7615301609039307
7,1308.365821838379,1308.3665370941162,0.722527027130127,2.270024538040161
8,1308.1812858581543,1308.1820011138916,0.708869457244873,3.9417576789855957
